entity,entity_id,label,start_s,end_s,duration_s,confidence,start_window
student,seat_08,focused,0.0,4.0,4.0,0.9152046144008636,0
student,seat_08,reading,2.0,4.0,2.0,0.8894228935241699,0
student,seat_10,focused,6.0,10.0,4.0,0.545883059501648,0
student,seat_09,focused,6.0,8.0,2.0,0.46521416306495667,0
student,seat_08,focused,6.0,10.0,4.0,0.9199645519256592,0
student,seat_05,focused,8.0,16.0,8.0,0.631745420396328,0
student,seat_06,focused,10.0,16.0,6.0,0.5981976191202799,1
instructor,instructor,explaining,10.0,12.0,2.0,0.9078541994094849,1
student,seat_08,focused,12.0,24.0,12.0,0.8514284392197927,1
student,seat_10,focused,12.0,16.0,4.0,0.7932717502117157,1
student,seat_11,focused,16.0,18.0,2.0,0.8479366302490234,1
student,seat_07,focused,16.0,32.0,16.0,0.6639458872377872,1
student,seat_05,focused,18.0,24.0,6.0,0.5839251577854156,1
student,seat_06,focused,18.0,22.0,4.0,0.5447848588228226,1
student,seat_03,focused,18.0,20.0,2.0,0.32051071524620056,1
student,seat_04,focused,24.0,28.0,4.0,0.815481036901474,2
student,seat_06,focused,24.0,56.0,32.0,0.7090679965913296,2
student,seat_05,focused,26.0,40.0,14.0,0.7880988546780178,2
instructor,instructor,explaining,28.0,30.0,2.0,0.822759747505188,2
student,seat_08,focused,32.0,60.0,28.0,0.6852363901478904,3
student,seat_04,focused,34.0,36.0,2.0,0.6491146087646484,3
instructor,instructor,explaining,38.0,40.0,2.0,0.7923220992088318,3
student,seat_07,focused,40.0,46.0,6.0,0.5824916362762451,4
student,seat_04,focused,42.0,44.0,2.0,0.6573691964149475,4
student,seat_09,focused,44.0,46.0,2.0,0.8241820931434631,4
student,seat_07,focused,48.0,50.0,2.0,0.35711756348609924,4
student,seat_07,focused,52.0,54.0,2.0,0.31122127175331116,5
instructor,instructor,explaining,56.0,58.0,2.0,0.7321672439575195,5
student,seat_05,focused,56.0,66.0,10.0,0.7398808717727661,5
student,seat_06,focused,58.0,64.0,6.0,0.48554837703704834,5
student,seat_04,focused,58.0,64.0,6.0,0.5829105774561564,5
student,seat_07,focused,60.0,64.0,4.0,0.4169565737247467,6
student,seat_08,focused,64.0,90.0,26.0,0.8573244489156283,6
student,seat_06,focused,66.0,68.0,2.0,0.45274022221565247,6
student,seat_11,focused,66.0,70.0,4.0,0.7685131132602692,6
student,seat_09,focused,66.0,68.0,2.0,0.46890881657600403,6
student,seat_07,focused,70.0,72.0,2.0,0.344139963388443,7
student,seat_06,focused,70.0,76.0,6.0,0.5863653818766276,7
student,seat_09,focused,74.0,80.0,6.0,0.5251060724258423,7
student,seat_11,focused,74.0,76.0,2.0,0.7441674470901489,7
student,seat_08,hand_raise,74.0,80.0,6.0,0.9172310034434,7
student,seat_10,focused,76.0,78.0,2.0,0.2558034062385559,7
student,seat_05,focused,84.0,86.0,2.0,0.4874267876148224,8
student,seat_03,focused,90.0,92.0,2.0,0.37331148982048035,9
instructor,instructor,explaining,92.0,94.0,2.0,0.9436407089233398,9
student,seat_08,focused,94.0,98.0,4.0,0.8918675482273102,9
student,seat_02,focused,94.0,96.0,2.0,0.4580141603946686,9
instructor,instructor,explaining,98.0,100.0,2.0,0.9479713439941406,9
student,seat_08,focused,100.0,130.0,30.0,0.8393027226130167,10
student,seat_08,hand_raise,104.0,120.0,16.0,0.9201992228627205,10
student,seat_07,focused,120.0,128.0,8.0,0.7868002355098724,12
student,seat_02,focused,120.0,122.0,2.0,0.5275357365608215,12
instructor,instructor,explaining,120.0,122.0,2.0,0.825661301612854,12
student,seat_06,focused,122.0,126.0,4.0,0.6493101418018341,12
student,seat_04,focused,122.0,124.0,2.0,0.8316669464111328,12
student,seat_05,focused,124.0,132.0,8.0,0.47552288323640823,12
instructor,instructor,explaining,124.0,150.0,26.0,0.8934641388746408,12
student,seat_07,off_task,128.0,136.0,8.0,0.8589473068714142,12
student,seat_06,focused,130.0,132.0,2.0,0.574621856212616,13
student,seat_02,focused,130.0,134.0,4.0,0.2891199141740799,13
student,seat_08,focused,132.0,136.0,4.0,0.7436533570289612,13
student,seat_06,focused,134.0,138.0,4.0,0.7585974037647247,13
student,seat_07,focused,136.0,138.0,2.0,0.8305930495262146,13
student,seat_02,focused,136.0,140.0,4.0,0.6276555359363556,13
student,seat_05,focused,136.0,138.0,2.0,0.45890164375305176,13
student,seat_08,focused,138.0,142.0,4.0,0.7523326277732849,13
student,seat_03,focused,138.0,158.0,20.0,0.3961852163076401,13
student,seat_07,off_task,138.0,144.0,6.0,0.8360568483670553,13
student,seat_06,focused,140.0,144.0,4.0,0.5589371025562286,14
student,seat_08,off_task,142.0,156.0,14.0,0.848183981009892,14
student,seat_11,off_task,144.0,150.0,6.0,0.6766035159428915,14
student,seat_02,focused,144.0,148.0,4.0,0.6781381666660309,14
student,seat_02,focused,150.0,152.0,2.0,0.605941116809845,15
instructor,instructor,explaining,152.0,156.0,4.0,0.8891594707965851,15
student,seat_08,focused,156.0,164.0,8.0,0.8260048776865005,15
instructor,instructor,explaining,160.0,168.0,8.0,0.8605006337165833,16
student,seat_02,focused,160.0,162.0,2.0,0.5994375944137573,16
student,seat_03,focused,160.0,186.0,26.0,0.4267757534980774,16
student,seat_07,reading,162.0,164.0,2.0,0.8532842993736267,16
student,seat_02,focused,164.0,170.0,6.0,0.5628127455711365,16
student,seat_07,off_task,164.0,186.0,22.0,0.8590269413861361,16
student,seat_08,off_task,164.0,174.0,10.0,0.7784824013710022,16
student,seat_06,off_task,168.0,176.0,8.0,0.6661760210990906,16
instructor,instructor,explaining,170.0,172.0,2.0,0.8732900619506836,17
student,seat_02,focused,172.0,178.0,6.0,0.3965589503447215,17
student,seat_08,focused,174.0,176.0,2.0,0.7976347804069519,17
instructor,instructor,explaining,176.0,188.0,12.0,0.8813391327857971,17
student,seat_08,focused,178.0,180.0,2.0,0.7822298407554626,17
student,seat_06,off_task,178.0,198.0,20.0,0.6690941452980042,17
student,seat_08,focused,182.0,188.0,6.0,0.7497126857439677,18
student,seat_02,focused,186.0,212.0,26.0,0.45261725783348083,18
student,seat_07,focused,186.0,202.0,16.0,0.8294584900140762,18
student,seat_04,focused,188.0,196.0,8.0,0.8225572258234024,18
student,seat_03,focused,192.0,194.0,2.0,0.37777039408683777,19
instructor,instructor,explaining,196.0,208.0,12.0,0.884151965379715,19
student,seat_03,focused,198.0,204.0,6.0,0.3445131778717041,19
student,seat_06,focused,198.0,204.0,6.0,0.6576467752456665,19
student,seat_07,off_task,202.0,210.0,8.0,0.8686229586601257,20
student,seat_06,focused,206.0,208.0,2.0,0.6224364638328552,20
student,seat_03,focused,206.0,212.0,6.0,0.43681516249974567,20
student,seat_04,focused,208.0,210.0,2.0,0.864065408706665,20
student,seat_07,focused,210.0,218.0,8.0,0.6501749381422997,21
student,seat_01,focused,210.0,214.0,4.0,0.4861084669828415,21
student,seat_06,focused,214.0,222.0,8.0,0.6959289610385895,21
student,seat_11,focused,214.0,216.0,2.0,0.8210508823394775,21
instructor,instructor,explaining,214.0,248.0,34.0,0.9143143611795762,21
student,seat_11,focused,218.0,224.0,6.0,0.5011633336544037,21
student,seat_11,hand_raise,218.0,224.0,6.0,0.5011633336544037,21
student,seat_05,focused,218.0,220.0,2.0,0.7944806218147278,21
student,seat_10,focused,218.0,220.0,2.0,0.7897935509681702,21
student,seat_09,focused,220.0,226.0,6.0,0.8457736770311991,22
student,seat_05,focused,222.0,246.0,24.0,0.8043746401866277,22
student,seat_07,focused,222.0,326.0,104.0,0.6754600720909926,22
student,seat_06,focused,228.0,234.0,6.0,0.6445301870505015,22
student,seat_02,focused,228.0,246.0,18.0,0.7012048098776076,22
student,seat_06,off_task,236.0,246.0,10.0,0.7127083778381348,23
student,seat_05,off_task,246.0,252.0,6.0,0.8203651507695516,24
student,seat_01,focused,246.0,252.0,6.0,0.6947941382726034,24
instructor,instructor,explaining,250.0,262.0,12.0,0.9181094865004221,25
student,seat_02,focused,252.0,264.0,12.0,0.6664264698823293,25
student,seat_05,focused,252.0,278.0,26.0,0.792035882289593,25
student,seat_06,focused,254.0,256.0,2.0,0.40311264991760254,25
student,seat_01,focused,264.0,268.0,4.0,0.733811616897583,26
instructor,instructor,explaining,264.0,282.0,18.0,0.8810020420286391,26
student,seat_10,hand_raise,266.0,270.0,4.0,0.7836920022964478,26
student,seat_02,focused,268.0,278.0,10.0,0.6479809165000916,26
student,seat_05,hand_raise,268.0,274.0,6.0,0.8195422291755676,26
student,seat_06,focused,274.0,280.0,6.0,0.6886337796847025,27
student,seat_08,focused,274.0,306.0,32.0,0.7719831317663193,27
student,seat_12,off_task,280.0,308.0,28.0,0.8841829342501504,28
student,seat_05,focused,280.0,300.0,20.0,0.6448910713195801,28
student,seat_04,focused,284.0,286.0,2.0,0.5381472110748291,28
student,seat_04,focused,290.0,292.0,2.0,0.6635038256645203,29
student,seat_04,focused,298.0,300.0,2.0,0.691317617893219,29
student,seat_09,focused,300.0,304.0,4.0,0.6639193296432495,30
student,seat_05,focused,302.0,348.0,46.0,0.5588685649892559,30
instructor,instructor,explaining,304.0,306.0,2.0,0.8074783086776733,30
student,seat_12,focused,308.0,312.0,4.0,0.8455285131931305,30
student,seat_08,focused,308.0,310.0,2.0,0.7278045415878296,30
student,seat_08,focused,312.0,326.0,14.0,0.6578148433140346,31
student,seat_12,off_task,312.0,318.0,6.0,0.830490509668986,31
student,seat_12,focused,318.0,320.0,2.0,0.7215983271598816,31
student,seat_11,focused,318.0,320.0,2.0,0.8033125996589661,31
student,seat_06,focused,318.0,326.0,8.0,0.3629237487912178,31
student,seat_04,focused,320.0,322.0,2.0,0.8456365466117859,32
student,seat_11,off_task,320.0,338.0,18.0,0.7753394709693061,32
instructor,instructor,explaining,322.0,332.0,10.0,0.8493025183677674,32
student,seat_12,focused,324.0,326.0,2.0,0.5596649646759033,32
student,seat_07,off_task,326.0,336.0,10.0,0.780669116973877,32
student,seat_08,focused,328.0,334.0,6.0,0.728087842464447,32
student,seat_06,focused,330.0,332.0,2.0,0.48838987946510315,33
student,seat_12,focused,332.0,340.0,8.0,0.5467348992824554,33
student,seat_06,focused,334.0,340.0,6.0,0.5060601631800333,33
student,seat_07,focused,336.0,356.0,20.0,0.8049385190010071,33
instructor,instructor,explaining,336.0,348.0,12.0,0.846317837635676,33
student,seat_11,off_task,340.0,348.0,8.0,0.8462249040603638,34
student,seat_12,focused,342.0,344.0,2.0,0.7767078876495361,34
student,seat_09,focused,344.0,348.0,4.0,0.5408612489700317,34
student,seat_06,focused,348.0,350.0,2.0,0.5616811513900757,34
student,seat_04,focused,348.0,350.0,2.0,0.84218430519104,34
student,seat_11,focused,348.0,350.0,2.0,0.8981559872627258,34
instructor,instructor,explaining,350.0,354.0,4.0,0.8553812205791473,35
student,seat_06,off_task,350.0,358.0,8.0,0.7420512288808823,35
student,seat_11,focused,354.0,374.0,20.0,0.8957914769649505,35
instructor,instructor,explaining,356.0,364.0,8.0,0.8569642752408981,35
student,seat_06,focused,358.0,362.0,4.0,0.6466648876667023,35
student,seat_03,focused,358.0,364.0,6.0,0.549619456132253,35
student,seat_08,focused,358.0,362.0,4.0,0.7926174998283386,35
student,seat_07,focused,360.0,394.0,34.0,0.7932801036273732,36
student,seat_06,off_task,362.0,370.0,8.0,0.7552342563867569,36
student,seat_04,focused,364.0,366.0,2.0,0.8038465976715088,36
student,seat_03,focused,366.0,376.0,10.0,0.5206180453300476,36
student,seat_12,focused,366.0,368.0,2.0,0.4044456481933594,36
instructor,instructor,explaining,366.0,392.0,26.0,0.8662912799761846,36
student,seat_08,focused,370.0,372.0,2.0,0.7289605140686035,37
student,seat_06,focused,370.0,372.0,2.0,0.4301321804523468,37
student,seat_06,off_task,372.0,378.0,6.0,0.6767435669898987,37
student,seat_11,off_task,374.0,394.0,20.0,0.8702875435352325,37
student,seat_06,focused,378.0,380.0,2.0,0.7350570559501648,37
student,seat_06,off_task,380.0,386.0,6.0,0.7079737782478333,38
student,seat_03,focused,380.0,384.0,4.0,0.4942479729652405,38
student,seat_05,focused,384.0,386.0,2.0,0.6516703367233276,38
student,seat_06,focused,386.0,398.0,12.0,0.7061800062656403,38
student,seat_12,focused,388.0,390.0,2.0,0.7238457798957825,38
student,seat_12,focused,392.0,394.0,2.0,0.6452926993370056,39
student,seat_05,focused,394.0,408.0,14.0,0.7666530609130859,39
student,seat_08,focused,394.0,424.0,30.0,0.9077583511670431,39
student,seat_11,focused,394.0,402.0,8.0,0.6542811840772629,39
student,seat_09,off_task,396.0,416.0,20.0,0.7589701116085052,39
student,seat_06,off_task,398.0,404.0,6.0,0.6803991397221884,39
student,seat_06,focused,404.0,430.0,26.0,0.7026415260938498,40
student,seat_11,focused,404.0,408.0,4.0,0.4978608191013336,40
student,seat_07,focused,410.0,414.0,4.0,0.39789558947086334,41
student,seat_05,focused,412.0,422.0,10.0,0.7368886470794678,41
student,seat_09,phone_use,414.0,416.0,2.0,0.9162892699241638,41
student,seat_09,focused,416.0,420.0,4.0,0.8813315331935883,41
student,seat_07,focused,418.0,420.0,2.0,0.7355302572250366,41
student,seat_07,focused,422.0,424.0,2.0,0.6799885630607605,42
student,seat_05,focused,424.0,428.0,4.0,0.7708883881568909,42
student,seat_08,focused,426.0,430.0,4.0,0.7078373730182648,42
student,seat_07,focused,426.0,428.0,2.0,0.7794657349586487,42
student,seat_11,focused,428.0,430.0,2.0,0.7924968600273132,42
instructor,instructor,explaining,428.0,430.0,2.0,0.883931577205658,42
student,seat_02,focused,428.0,434.0,6.0,0.5808655619621277,42
student,seat_04,focused,432.0,434.0,2.0,0.6447580456733704,43
student,seat_01,focused,432.0,436.0,4.0,0.5422672927379608,43
student,seat_11,focused,434.0,436.0,2.0,0.7444323301315308,43
student,seat_06,focused,436.0,438.0,2.0,0.37795764207839966,43
student,seat_05,focused,436.0,438.0,2.0,0.41142722964286804,43
student,seat_09,focused,438.0,442.0,4.0,0.3264283388853073,43
student,seat_08,off_task,438.0,444.0,6.0,0.944521427154541,43
instructor,instructor,explaining,442.0,462.0,20.0,0.8187507569789887,44
student,seat_05,focused,446.0,448.0,2.0,0.5348302125930786,44
student,seat_01,focused,448.0,460.0,12.0,0.7000150978565216,44
student,seat_04,focused,458.0,460.0,2.0,0.8939266800880432,45
student,seat_05,focused,460.0,462.0,2.0,0.6421935558319092,46
student,seat_03,off_task,460.0,466.0,6.0,0.9116523464520773,46
student,seat_01,focused,462.0,468.0,6.0,0.692798892656962,46
instructor,instructor,explaining,466.0,472.0,6.0,0.8361666798591614,46
student,seat_05,focused,468.0,472.0,4.0,0.8439508080482483,46
student,seat_04,focused,468.0,470.0,2.0,0.8991947770118713,46
student,seat_02,focused,472.0,502.0,30.0,0.5224791447321574,47
student,seat_06,off_task,472.0,478.0,6.0,0.8820640842119852,47
student,seat_07,focused,472.0,474.0,2.0,0.529601514339447,47
student,seat_04,focused,472.0,500.0,28.0,0.875152839081628,47
student,seat_01,focused,472.0,478.0,6.0,0.6062840223312378,47
student,seat_08,focused,478.0,480.0,2.0,0.44789889454841614,47
student,seat_01,focused,480.0,498.0,18.0,0.316691259543101,48
student,seat_03,focused,480.0,482.0,2.0,0.4870082437992096,48
student,seat_07,focused,480.0,482.0,2.0,0.44755521416664124,48
student,seat_06,focused,482.0,490.0,8.0,0.8668095022439957,48
student,seat_07,focused,492.0,496.0,4.0,0.3223222494125366,49
student,seat_06,focused,496.0,498.0,2.0,0.8336743712425232,49
student,seat_07,focused,498.0,500.0,2.0,0.8230864405632019,49
student,seat_03,focused,498.0,502.0,4.0,0.4683138430118561,49
student,seat_08,focused,500.0,504.0,4.0,0.8991425633430481,50
student,seat_06,focused,500.0,602.0,102.0,0.6449221109642702,50
student,seat_01,focused,502.0,508.0,6.0,0.6633936166763306,50
student,seat_12,focused,504.0,506.0,2.0,0.6174656748771667,50
student,seat_07,focused,504.0,510.0,6.0,0.6525846521059672,50
instructor,instructor,explaining,504.0,524.0,20.0,0.9165649235248565,50
student,seat_05,focused,508.0,600.0,92.0,0.6940444377453431,50
student,seat_09,focused,510.0,530.0,20.0,0.7353883028030396,51
student,seat_11,focused,510.0,512.0,2.0,0.7088457345962524,51
student,seat_07,focused,514.0,588.0,74.0,0.7798332700858245,51
instructor,instructor,explaining,526.0,562.0,36.0,0.9171573917071024,52
student,seat_09,focused,532.0,588.0,56.0,0.7328797983271735,53
instructor,instructor,explaining,564.0,570.0,6.0,0.9220852255821228,56
instructor,instructor,explaining,572.0,580.0,8.0,0.9329560697078705,57
student,seat_08,focused,580.0,584.0,4.0,0.9000062942504883,58
instructor,instructor,explaining,584.0,586.0,2.0,0.9218708276748657,58
student,seat_08,focused,588.0,590.0,2.0,0.9302693605422974,58
instructor,instructor,explaining,590.0,598.0,8.0,0.9157424867153168,59
student,seat_09,focused,592.0,596.0,4.0,0.8459373414516449,59
student,seat_11,focused,598.0,602.0,4.0,0.7929781675338745,59
student,seat_07,focused,598.0,602.0,4.0,0.5386176407337189,59
student,seat_08,focused,598.0,600.0,2.0,0.8225367069244385,59
student,seat_04,focused,600.0,602.0,2.0,0.810627281665802,60
student,seat_02,focused,600.0,602.0,2.0,0.33293843269348145,60
student,seat_01,focused,600.0,602.0,2.0,0.6223096251487732,60
