frame,time_s,path
0,0.0,classroom_project/frames/frame_0000.jpg
1,2.0,classroom_project/frames/frame_0001.jpg
2,4.0,classroom_project/frames/frame_0002.jpg
3,6.0,classroom_project/frames/frame_0003.jpg
4,8.0,classroom_project/frames/frame_0004.jpg
5,10.0,classroom_project/frames/frame_0005.jpg
6,12.0,classroom_project/frames/frame_0006.jpg
7,14.0,classroom_project/frames/frame_0007.jpg
8,16.0,classroom_project/frames/frame_0008.jpg
9,18.0,classroom_project/frames/frame_0009.jpg
10,20.0,classroom_project/frames/frame_0010.jpg
11,22.0,classroom_project/frames/frame_0011.jpg
12,24.0,classroom_project/frames/frame_0012.jpg
13,26.0,classroom_project/frames/frame_0013.jpg
14,28.0,classroom_project/frames/frame_0014.jpg
15,30.0,classroom_project/frames/frame_0015.jpg
16,32.0,classroom_project/frames/frame_0016.jpg
17,34.0,classroom_project/frames/frame_0017.jpg
18,36.0,classroom_project/frames/frame_0018.jpg
19,38.0,classroom_project/frames/frame_0019.jpg
20,40.0,classroom_project/frames/frame_0020.jpg
21,42.0,classroom_project/frames/frame_0021.jpg
22,44.0,classroom_project/frames/frame_0022.jpg
23,46.0,classroom_project/frames/frame_0023.jpg
24,48.0,classroom_project/frames/frame_0024.jpg
25,50.0,classroom_project/frames/frame_0025.jpg
26,52.0,classroom_project/frames/frame_0026.jpg
27,54.0,classroom_project/frames/frame_0027.jpg
28,56.0,classroom_project/frames/frame_0028.jpg
29,58.0,classroom_project/frames/frame_0029.jpg
30,60.0,classroom_project/frames/frame_0030.jpg
31,62.0,classroom_project/frames/frame_0031.jpg
32,64.0,classroom_project/frames/frame_0032.jpg
33,66.0,classroom_project/frames/frame_0033.jpg
34,68.0,classroom_project/frames/frame_0034.jpg
35,70.0,classroom_project/frames/frame_0035.jpg
36,72.0,classroom_project/frames/frame_0036.jpg
37,74.0,classroom_project/frames/frame_0037.jpg
38,76.0,classroom_project/frames/frame_0038.jpg
39,78.0,classroom_project/frames/frame_0039.jpg
40,80.0,classroom_project/frames/frame_0040.jpg
41,82.0,classroom_project/frames/frame_0041.jpg
42,84.0,classroom_project/frames/frame_0042.jpg
43,86.0,classroom_project/frames/frame_0043.jpg
44,88.0,classroom_project/frames/frame_0044.jpg
45,90.0,classroom_project/frames/frame_0045.jpg
46,92.0,classroom_project/frames/frame_0046.jpg
47,94.0,classroom_project/frames/frame_0047.jpg
48,96.0,classroom_project/frames/frame_0048.jpg
49,98.0,classroom_project/frames/frame_0049.jpg
50,100.0,classroom_project/frames/frame_0050.jpg
51,102.0,classroom_project/frames/frame_0051.jpg
52,104.0,classroom_project/frames/frame_0052.jpg
53,106.0,classroom_project/frames/frame_0053.jpg
54,108.0,classroom_project/frames/frame_0054.jpg
55,110.0,classroom_project/frames/frame_0055.jpg
56,112.0,classroom_project/frames/frame_0056.jpg
57,114.0,classroom_project/frames/frame_0057.jpg
58,116.0,classroom_project/frames/frame_0058.jpg
59,118.0,classroom_project/frames/frame_0059.jpg
60,120.0,classroom_project/frames/frame_0060.jpg
61,122.0,classroom_project/frames/frame_0061.jpg
62,124.0,classroom_project/frames/frame_0062.jpg
63,126.0,classroom_project/frames/frame_0063.jpg
64,128.0,classroom_project/frames/frame_0064.jpg
65,130.0,classroom_project/frames/frame_0065.jpg
66,132.0,classroom_project/frames/frame_0066.jpg
67,134.0,classroom_project/frames/frame_0067.jpg
68,136.0,classroom_project/frames/frame_0068.jpg
69,138.0,classroom_project/frames/frame_0069.jpg
70,140.0,classroom_project/frames/frame_0070.jpg
71,142.0,classroom_project/frames/frame_0071.jpg
72,144.0,classroom_project/frames/frame_0072.jpg
73,146.0,classroom_project/frames/frame_0073.jpg
74,148.0,classroom_project/frames/frame_0074.jpg
75,150.0,classroom_project/frames/frame_0075.jpg
76,152.0,classroom_project/frames/frame_0076.jpg
77,154.0,classroom_project/frames/frame_0077.jpg
78,156.0,classroom_project/frames/frame_0078.jpg
79,158.0,classroom_project/frames/frame_0079.jpg
80,160.0,classroom_project/frames/frame_0080.jpg
81,162.0,classroom_project/frames/frame_0081.jpg
82,164.0,classroom_project/frames/frame_0082.jpg
83,166.0,classroom_project/frames/frame_0083.jpg
84,168.0,classroom_project/frames/frame_0084.jpg
85,170.0,classroom_project/frames/frame_0085.jpg
86,172.0,classroom_project/frames/frame_0086.jpg
87,174.0,classroom_project/frames/frame_0087.jpg
88,176.0,classroom_project/frames/frame_0088.jpg
89,178.0,classroom_project/frames/frame_0089.jpg
90,180.0,classroom_project/frames/frame_0090.jpg
91,182.0,classroom_project/frames/frame_0091.jpg
92,184.0,classroom_project/frames/frame_0092.jpg
93,186.0,classroom_project/frames/frame_0093.jpg
94,188.0,classroom_project/frames/frame_0094.jpg
95,190.0,classroom_project/frames/frame_0095.jpg
96,192.0,classroom_project/frames/frame_0096.jpg
97,194.0,classroom_project/frames/frame_0097.jpg
98,196.0,classroom_project/frames/frame_0098.jpg
99,198.0,classroom_project/frames/frame_0099.jpg
100,200.0,classroom_project/frames/frame_0100.jpg
101,202.0,classroom_project/frames/frame_0101.jpg
102,204.0,classroom_project/frames/frame_0102.jpg
103,206.0,classroom_project/frames/frame_0103.jpg
104,208.0,classroom_project/frames/frame_0104.jpg
105,210.0,classroom_project/frames/frame_0105.jpg
106,212.0,classroom_project/frames/frame_0106.jpg
107,214.0,classroom_project/frames/frame_0107.jpg
108,216.0,classroom_project/frames/frame_0108.jpg
109,218.0,classroom_project/frames/frame_0109.jpg
110,220.0,classroom_project/frames/frame_0110.jpg
111,222.0,classroom_project/frames/frame_0111.jpg
112,224.0,classroom_project/frames/frame_0112.jpg
113,226.0,classroom_project/frames/frame_0113.jpg
114,228.0,classroom_project/frames/frame_0114.jpg
115,230.0,classroom_project/frames/frame_0115.jpg
116,232.0,classroom_project/frames/frame_0116.jpg
117,234.0,classroom_project/frames/frame_0117.jpg
118,236.0,classroom_project/frames/frame_0118.jpg
119,238.0,classroom_project/frames/frame_0119.jpg
120,240.0,classroom_project/frames/frame_0120.jpg
121,242.0,classroom_project/frames/frame_0121.jpg
122,244.0,classroom_project/frames/frame_0122.jpg
123,246.0,classroom_project/frames/frame_0123.jpg
124,248.0,classroom_project/frames/frame_0124.jpg
125,250.0,classroom_project/frames/frame_0125.jpg
126,252.0,classroom_project/frames/frame_0126.jpg
127,254.0,classroom_project/frames/frame_0127.jpg
128,256.0,classroom_project/frames/frame_0128.jpg
129,258.0,classroom_project/frames/frame_0129.jpg
130,260.0,classroom_project/frames/frame_0130.jpg
131,262.0,classroom_project/frames/frame_0131.jpg
132,264.0,classroom_project/frames/frame_0132.jpg
133,266.0,classroom_project/frames/frame_0133.jpg
134,268.0,classroom_project/frames/frame_0134.jpg
135,270.0,classroom_project/frames/frame_0135.jpg
136,272.0,classroom_project/frames/frame_0136.jpg
137,274.0,classroom_project/frames/frame_0137.jpg
138,276.0,classroom_project/frames/frame_0138.jpg
139,278.0,classroom_project/frames/frame_0139.jpg
140,280.0,classroom_project/frames/frame_0140.jpg
141,282.0,classroom_project/frames/frame_0141.jpg
142,284.0,classroom_project/frames/frame_0142.jpg
143,286.0,classroom_project/frames/frame_0143.jpg
144,288.0,classroom_project/frames/frame_0144.jpg
145,290.0,classroom_project/frames/frame_0145.jpg
146,292.0,classroom_project/frames/frame_0146.jpg
147,294.0,classroom_project/frames/frame_0147.jpg
148,296.0,classroom_project/frames/frame_0148.jpg
149,298.0,classroom_project/frames/frame_0149.jpg
150,300.0,classroom_project/frames/frame_0150.jpg
151,302.0,classroom_project/frames/frame_0151.jpg
152,304.0,classroom_project/frames/frame_0152.jpg
153,306.0,classroom_project/frames/frame_0153.jpg
154,308.0,classroom_project/frames/frame_0154.jpg
155,310.0,classroom_project/frames/frame_0155.jpg
156,312.0,classroom_project/frames/frame_0156.jpg
157,314.0,classroom_project/frames/frame_0157.jpg
158,316.0,classroom_project/frames/frame_0158.jpg
159,318.0,classroom_project/frames/frame_0159.jpg
160,320.0,classroom_project/frames/frame_0160.jpg
161,322.0,classroom_project/frames/frame_0161.jpg
162,324.0,classroom_project/frames/frame_0162.jpg
163,326.0,classroom_project/frames/frame_0163.jpg
164,328.0,classroom_project/frames/frame_0164.jpg
165,330.0,classroom_project/frames/frame_0165.jpg
166,332.0,classroom_project/frames/frame_0166.jpg
167,334.0,classroom_project/frames/frame_0167.jpg
168,336.0,classroom_project/frames/frame_0168.jpg
169,338.0,classroom_project/frames/frame_0169.jpg
170,340.0,classroom_project/frames/frame_0170.jpg
171,342.0,classroom_project/frames/frame_0171.jpg
172,344.0,classroom_project/frames/frame_0172.jpg
173,346.0,classroom_project/frames/frame_0173.jpg
174,348.0,classroom_project/frames/frame_0174.jpg
175,350.0,classroom_project/frames/frame_0175.jpg
176,352.0,classroom_project/frames/frame_0176.jpg
177,354.0,classroom_project/frames/frame_0177.jpg
178,356.0,classroom_project/frames/frame_0178.jpg
179,358.0,classroom_project/frames/frame_0179.jpg
180,360.0,classroom_project/frames/frame_0180.jpg
181,362.0,classroom_project/frames/frame_0181.jpg
182,364.0,classroom_project/frames/frame_0182.jpg
183,366.0,classroom_project/frames/frame_0183.jpg
184,368.0,classroom_project/frames/frame_0184.jpg
185,370.0,classroom_project/frames/frame_0185.jpg
186,372.0,classroom_project/frames/frame_0186.jpg
187,374.0,classroom_project/frames/frame_0187.jpg
188,376.0,classroom_project/frames/frame_0188.jpg
189,378.0,classroom_project/frames/frame_0189.jpg
190,380.0,classroom_project/frames/frame_0190.jpg
191,382.0,classroom_project/frames/frame_0191.jpg
192,384.0,classroom_project/frames/frame_0192.jpg
193,386.0,classroom_project/frames/frame_0193.jpg
194,388.0,classroom_project/frames/frame_0194.jpg
195,390.0,classroom_project/frames/frame_0195.jpg
196,392.0,classroom_project/frames/frame_0196.jpg
197,394.0,classroom_project/frames/frame_0197.jpg
198,396.0,classroom_project/frames/frame_0198.jpg
199,398.0,classroom_project/frames/frame_0199.jpg
200,400.0,classroom_project/frames/frame_0200.jpg
201,402.0,classroom_project/frames/frame_0201.jpg
202,404.0,classroom_project/frames/frame_0202.jpg
203,406.0,classroom_project/frames/frame_0203.jpg
204,408.0,classroom_project/frames/frame_0204.jpg
205,410.0,classroom_project/frames/frame_0205.jpg
206,412.0,classroom_project/frames/frame_0206.jpg
207,414.0,classroom_project/frames/frame_0207.jpg
208,416.0,classroom_project/frames/frame_0208.jpg
209,418.0,classroom_project/frames/frame_0209.jpg
210,420.0,classroom_project/frames/frame_0210.jpg
211,422.0,classroom_project/frames/frame_0211.jpg
212,424.0,classroom_project/frames/frame_0212.jpg
213,426.0,classroom_project/frames/frame_0213.jpg
214,428.0,classroom_project/frames/frame_0214.jpg
215,430.0,classroom_project/frames/frame_0215.jpg
216,432.0,classroom_project/frames/frame_0216.jpg
217,434.0,classroom_project/frames/frame_0217.jpg
218,436.0,classroom_project/frames/frame_0218.jpg
219,438.0,classroom_project/frames/frame_0219.jpg
220,440.0,classroom_project/frames/frame_0220.jpg
221,442.0,classroom_project/frames/frame_0221.jpg
222,444.0,classroom_project/frames/frame_0222.jpg
223,446.0,classroom_project/frames/frame_0223.jpg
224,448.0,classroom_project/frames/frame_0224.jpg
225,450.0,classroom_project/frames/frame_0225.jpg
226,452.0,classroom_project/frames/frame_0226.jpg
227,454.0,classroom_project/frames/frame_0227.jpg
228,456.0,classroom_project/frames/frame_0228.jpg
229,458.0,classroom_project/frames/frame_0229.jpg
230,460.0,classroom_project/frames/frame_0230.jpg
231,462.0,classroom_project/frames/frame_0231.jpg
232,464.0,classroom_project/frames/frame_0232.jpg
233,466.0,classroom_project/frames/frame_0233.jpg
234,468.0,classroom_project/frames/frame_0234.jpg
235,470.0,classroom_project/frames/frame_0235.jpg
236,472.0,classroom_project/frames/frame_0236.jpg
237,474.0,classroom_project/frames/frame_0237.jpg
238,476.0,classroom_project/frames/frame_0238.jpg
239,478.0,classroom_project/frames/frame_0239.jpg
240,480.0,classroom_project/frames/frame_0240.jpg
241,482.0,classroom_project/frames/frame_0241.jpg
242,484.0,classroom_project/frames/frame_0242.jpg
243,486.0,classroom_project/frames/frame_0243.jpg
244,488.0,classroom_project/frames/frame_0244.jpg
245,490.0,classroom_project/frames/frame_0245.jpg
246,492.0,classroom_project/frames/frame_0246.jpg
247,494.0,classroom_project/frames/frame_0247.jpg
248,496.0,classroom_project/frames/frame_0248.jpg
249,498.0,classroom_project/frames/frame_0249.jpg
250,500.0,classroom_project/frames/frame_0250.jpg
251,502.0,classroom_project/frames/frame_0251.jpg
252,504.0,classroom_project/frames/frame_0252.jpg
253,506.0,classroom_project/frames/frame_0253.jpg
254,508.0,classroom_project/frames/frame_0254.jpg
255,510.0,classroom_project/frames/frame_0255.jpg
256,512.0,classroom_project/frames/frame_0256.jpg
257,514.0,classroom_project/frames/frame_0257.jpg
258,516.0,classroom_project/frames/frame_0258.jpg
259,518.0,classroom_project/frames/frame_0259.jpg
260,520.0,classroom_project/frames/frame_0260.jpg
261,522.0,classroom_project/frames/frame_0261.jpg
262,524.0,classroom_project/frames/frame_0262.jpg
263,526.0,classroom_project/frames/frame_0263.jpg
264,528.0,classroom_project/frames/frame_0264.jpg
265,530.0,classroom_project/frames/frame_0265.jpg
266,532.0,classroom_project/frames/frame_0266.jpg
267,534.0,classroom_project/frames/frame_0267.jpg
268,536.0,classroom_project/frames/frame_0268.jpg
269,538.0,classroom_project/frames/frame_0269.jpg
270,540.0,classroom_project/frames/frame_0270.jpg
271,542.0,classroom_project/frames/frame_0271.jpg
272,544.0,classroom_project/frames/frame_0272.jpg
273,546.0,classroom_project/frames/frame_0273.jpg
274,548.0,classroom_project/frames/frame_0274.jpg
275,550.0,classroom_project/frames/frame_0275.jpg
276,552.0,classroom_project/frames/frame_0276.jpg
277,554.0,classroom_project/frames/frame_0277.jpg
278,556.0,classroom_project/frames/frame_0278.jpg
279,558.0,classroom_project/frames/frame_0279.jpg
280,560.0,classroom_project/frames/frame_0280.jpg
281,562.0,classroom_project/frames/frame_0281.jpg
282,564.0,classroom_project/frames/frame_0282.jpg
283,566.0,classroom_project/frames/frame_0283.jpg
284,568.0,classroom_project/frames/frame_0284.jpg
285,570.0,classroom_project/frames/frame_0285.jpg
286,572.0,classroom_project/frames/frame_0286.jpg
287,574.0,classroom_project/frames/frame_0287.jpg
288,576.0,classroom_project/frames/frame_0288.jpg
289,578.0,classroom_project/frames/frame_0289.jpg
290,580.0,classroom_project/frames/frame_0290.jpg
291,582.0,classroom_project/frames/frame_0291.jpg
292,584.0,classroom_project/frames/frame_0292.jpg
293,586.0,classroom_project/frames/frame_0293.jpg
294,588.0,classroom_project/frames/frame_0294.jpg
295,590.0,classroom_project/frames/frame_0295.jpg
296,592.0,classroom_project/frames/frame_0296.jpg
297,594.0,classroom_project/frames/frame_0297.jpg
298,596.0,classroom_project/frames/frame_0298.jpg
299,598.0,classroom_project/frames/frame_0299.jpg
300,600.0,classroom_project/frames/frame_0300.jpg
