teacher_feature,student_outcome,lag_windows,lag_seconds,correlation,p_value,n_windows
explanation_ratio,attention_level,1,10,-0.3447758439446334,0.006981983384424338,60
explanation_ratio,attention_level,2,20,-0.2718917931418176,0.0372350665173222,59
explanation_ratio,attention_level,3,30,-0.1293858857589479,0.3330443631883947,58
explanation_ratio,off_task_rate,1,10,0.22231779971416266,0.08777019162426553,60
explanation_ratio,off_task_rate,2,20,0.2706056301751368,0.03817814031199907,59
explanation_ratio,off_task_rate,3,30,0.14547487928321873,0.2758916402915403,58
explanation_ratio,hand_raise_count,1,10,0.07770699609447723,0.5550918601813273,60
explanation_ratio,hand_raise_count,2,20,-0.04897372333177232,0.7126146615931596,59
explanation_ratio,hand_raise_count,3,30,0.025741862571019042,0.8478923877086013,58
movement_amount,attention_level,1,10,-0.18888281310605023,0.14835992061800538,60
movement_amount,attention_level,2,20,-0.09540663742430983,0.47226745964042954,59
movement_amount,attention_level,3,30,-0.12404175088469802,0.3535637376465566,58
movement_amount,off_task_rate,1,10,0.22158540643067648,0.08884721435368781,60
movement_amount,off_task_rate,2,20,0.07790055954492234,0.55756967143048,59
movement_amount,off_task_rate,3,30,0.14232535806700977,0.28653256861792964,58
movement_amount,hand_raise_count,1,10,-0.07298818521528948,0.5794343773198908,60
movement_amount,hand_raise_count,2,20,-0.019338240333930196,0.8844146382355644,59
movement_amount,hand_raise_count,3,30,-0.11799298457237327,0.3777047275669898,58
