window_id,start_s,end_s,n_frames,instructor_present,explanation_ratio,board_writing_ratio,movement_amount,interaction_count,seats_observed,attention_level,off_task_rate,pose_coverage,hand_raise_count,phone_use_count,reading_count
0,0,10,5,0.2,0.0,0.0,0.0,0,3.4,0.47058823529411764,0.0,0.47058823529411764,0,0,1
1,10,20,5,0.4,0.2,0.0,0.0,0,6.0,0.6,0.0,0.6,0,0,0
2,20,30,5,1.0,0.2,0.0,0.5215917677914248,0,6.4,0.53125,0.0,0.53125,0,0,0
3,30,40,5,1.0,0.2,0.0,0.7481804905072909,0,6.8,0.47058823529411764,0.0,0.47058823529411764,0,0,0
4,40,50,5,1.0,0.0,0.0,0.3747616348860707,0,4.8,0.6666666666666666,0.0,0.6666666666666666,0,0,0
5,50,60,5,1.0,0.2,0.0,0.7373521768785904,0,5.4,0.48148148148148145,0.0,0.48148148148148145,0,0,0
6,60,70,5,0.8,0.0,0.0,0.17918233701551892,0,6.0,0.5333333333333333,0.0,0.5333333333333333,0,0,0
7,70,80,5,0.0,0.0,0.0,0.0,0,5.0,0.56,0.0,0.56,1,0,0
8,80,90,5,0.0,0.0,0.0,0.0,0,1.4,0.8571428571428571,0.0,0.8571428571428571,0,0,0
9,90,100,5,0.6,0.4,0.0,0.2539427759803888,0,1.0,0.8,0.0,0.8,0,0,0
10,100,110,5,0.0,0.0,0.0,0.0,0,1.0,1.0,0.0,1.0,1,0,0
11,110,120,5,0.0,0.0,0.0,0.0,0,1.0,1.0,0.0,1.0,0,0,0
12,120,130,5,0.8,0.8,0.0,0.06583888409943846,0,7.0,0.45714285714285713,0.02857142857142857,0.4857142857142857,0,0,0
13,130,140,5,1.0,1.0,0.0,0.1857015593576994,0,6.6,0.42424242424242425,0.12121212121212122,0.5454545454545454,0,0,0
14,140,150,5,1.0,1.0,0.0,0.24916492421066058,0,7.6,0.2631578947368421,0.23684210526315788,0.5,0,0,0
15,150,160,5,0.6,0.4,0.0,0.027869917244256737,0,7.0,0.2,0.08571428571428572,0.2857142857142857,0,0,0
16,160,170,5,1.0,0.8,0.0,0.20303494674077271,0,7.8,0.28205128205128205,0.1794871794871795,0.46153846153846156,0,0,1
17,170,180,5,1.0,0.6,0.0,0.05939533982574882,0,7.4,0.2702702702702703,0.2972972972972973,0.5675675675675675,0,0,0
18,180,190,5,0.8,0.8,0.0,0.05049765913252605,0,6.8,0.3235294117647059,0.23529411764705882,0.5588235294117647,0,0,0
19,190,200,5,0.4,0.4,0.0,0.013514972263969414,0,7.8,0.41025641025641024,0.10256410256410256,0.5128205128205128,0,0,0
20,200,210,5,0.8,0.8,0.0,0.04185087587499059,0,7.4,0.3783783783783784,0.10810810810810811,0.4864864864864865,0,0,0
21,210,220,5,1.0,0.6,0.0,0.48197929533595335,0,6.0,0.5,0.0,0.5,1,0,0
22,220,230,5,1.0,1.0,0.0,0.21645869306441626,0,5.8,0.5517241379310345,0.0,0.5517241379310345,0,0,0
23,230,240,5,1.0,1.0,0.0,0.05459244230888276,0,6.8,0.5,0.058823529411764705,0.5588235294117647,0,0,0
24,240,250,5,1.0,0.8,0.0,0.1458082326164524,0,6.4,0.40625,0.15625,0.5625,0,0,0
25,250,260,5,1.0,1.0,0.0,0.1324395749549716,0,7.6,0.39473684210526316,0.02631578947368421,0.42105263157894735,0,0,0
26,260,270,5,1.0,0.8,0.0,0.12651209066099875,0,7.6,0.39473684210526316,0.0,0.39473684210526316,2,0,0
27,270,280,5,1.0,1.0,0.0,0.2432497528281552,0,7.0,0.5428571428571428,0.0,0.5428571428571428,0,0,0
28,280,290,5,1.0,0.2,0.0,0.43231321515262405,0,6.4,0.5,0.15625,0.65625,0,0,0
29,290,300,5,1.0,0.0,0.0,0.5747750056882639,0,7.0,0.4857142857142857,0.14285714285714285,0.6285714285714286,0,0,0
30,300,310,5,1.0,0.2,0.0,0.27574534062972134,0,6.0,0.5333333333333333,0.13333333333333333,0.6666666666666666,0,0,0
31,310,320,5,0.8,0.0,0.0,1.1186483193605496,0,6.0,0.6,0.1,0.7,0,0,0
32,320,330,5,0.8,0.8,0.0,0.09247071942439253,0,6.4,0.53125,0.21875,0.75,0,0,0
33,330,340,5,0.8,0.6,0.0,0.04046551696164465,0,7.0,0.4857142857142857,0.2,0.6857142857142857,0,0,0
34,340,350,5,1.0,0.8,0.0,0.502667055943731,0,6.8,0.4411764705882353,0.11764705882352941,0.5588235294117647,0,0,0
35,350,360,5,1.0,0.8,0.0,0.5243860019963146,0,6.2,0.2903225806451613,0.12903225806451613,0.41935483870967744,0,0,0
36,360,370,5,0.8,0.8,0.0,0.189141148420358,0,7.0,0.5142857142857142,0.11428571428571428,0.6285714285714286,0,0,0
37,370,380,5,1.0,1.0,0.0,0.17478835665874268,0,6.6,0.3939393939393939,0.18181818181818182,0.5757575757575758,0,0,0
38,380,390,5,1.0,1.0,0.0,0.24595349377244993,0,6.4,0.34375,0.25,0.59375,0,0,0
39,390,400,5,1.0,0.2,0.0,0.5205643644148551,0,5.6,0.5714285714285714,0.17857142857142858,0.75,0,0,0
40,400,410,5,1.0,0.0,0.0,0.06131652750694714,0,5.4,0.5555555555555556,0.25925925925925924,0.8148148148148148,0,0,0
41,410,420,5,1.0,0.0,0.0,0.013573229957373919,0,6.6,0.5757575757575758,0.09090909090909091,0.6666666666666666,0,1,0
42,420,430,5,1.0,0.2,0.0,0.3327542435124235,0,5.8,0.5517241379310345,0.0,0.5517241379310345,0,0,0
43,430,440,5,1.0,0.0,0.0,1.3322469326842483,0,5.4,0.3333333333333333,0.037037037037037035,0.37037037037037035,0,0,0
44,440,450,5,1.0,0.8,0.0,0.20487335149276284,0,3.4,0.17647058823529413,0.11764705882352941,0.29411764705882354,0,0,0
45,450,460,5,1.0,1.0,0.0,0.0353475449565566,0,5.0,0.24,0.0,0.24,0,0,0
46,460,470,5,1.0,0.6,0.0,0.6463026547952868,0,5.0,0.24,0.12,0.36,0,0,0
47,470,480,5,1.0,0.2,0.0,0.16886186225353939,0,6.6,0.42424242424242425,0.09090909090909091,0.5151515151515151,0,0,0
48,480,490,5,1.0,0.0,0.0,0.021968443544133548,0,7.2,0.5833333333333334,0.0,0.5833333333333334,0,0,0
49,490,500,5,1.0,0.0,0.0,0.034979831014331005,0,7.0,0.5428571428571428,0.0,0.5428571428571428,0,0,0
50,500,510,5,0.8,0.6,0.0,0.17824287156298146,0,6.4,0.53125,0.0,0.53125,0,0,0
51,510,520,5,1.0,1.0,0.0,0.12195964460190303,0,6.6,0.5757575757575758,0.0,0.5757575757575758,0,0,0
52,520,530,5,1.0,0.8,0.0,0.06306696788271075,0,7.0,0.5714285714285714,0.0,0.5714285714285714,0,0,0
53,530,540,5,1.0,1.0,0.0,0.18135621747406017,0,7.0,0.5428571428571428,0.0,0.5428571428571428,0,0,0
54,540,550,5,1.0,1.0,0.0,0.06443422940816385,0,7.0,0.5714285714285714,0.0,0.5714285714285714,0,0,0
55,550,560,5,1.0,1.0,0.0,0.05898578191954058,0,7.0,0.5714285714285714,0.0,0.5714285714285714,0,0,0
56,560,570,5,1.0,0.8,0.0,0.08440385910042467,0,7.0,0.5714285714285714,0.0,0.5714285714285714,0,0,0
57,570,580,5,1.0,0.8,0.0,0.05977299126330818,0,6.8,0.5882352941176471,0.0,0.5882352941176471,0,0,0
58,580,590,5,0.4,0.2,0.0,0.04933036575696044,0,7.2,0.5833333333333334,0.0,0.5833333333333334,0,0,0
59,590,600,5,0.8,0.8,0.0,0.05128002034078696,0,4.8,0.625,0.0,0.625,0,0,0
60,600,610,1,0.0,0.0,0.0,0.0,0,8.0,0.75,0.0,0.75,0,0,0
