frame,person_count
0,2
1,5
2,4
3,4
4,4
5,9
6,8
7,10
8,8
9,12
10,9
11,9
12,10
13,9
14,10
15,10
16,11
17,10
18,10
19,11
20,9
21,9
22,11
23,9
24,10
25,9
26,10
27,9
28,9
29,9
30,8
31,12
32,9
33,8
34,7
35,9
36,10
37,10
38,6
39,3
40,2
41,1
42,2
43,1
44,1
45,2
46,1
47,2
48,2
49,1
50,1
51,1
52,1
53,1
54,1
55,1
56,1
57,1
58,1
59,1
60,12
61,12
62,11
63,12
64,12
65,12
66,11
67,11
68,13
69,11
70,14
71,12
72,15
73,14
74,11
75,10
76,10
77,12
78,11
79,10
80,12
81,11
82,13
83,12
84,12
85,11
86,11
87,13
88,12
89,12
90,10
91,12
92,11
93,11
94,11
95,13
96,14
97,15
98,12
99,13
100,14
101,13
102,12
103,14
104,12
105,12
106,11
107,11
108,9
109,13
110,9
111,9
112,10
113,11
114,11
115,13
116,12
117,11
118,12
119,13
120,13
121,13
122,11
123,11
124,11
125,11
126,10
127,11
128,12
129,10
130,11
131,11
132,12
133,12
134,12
135,13
136,10
137,10
138,12
139,13
140,12
141,12
142,15
143,12
144,14
145,13
146,15
147,14
148,14
149,16
150,13
151,13
152,14
153,16
154,16
155,13
156,16
157,15
158,17
159,13
160,12
161,15
162,12
163,11
164,14
165,13
166,14
167,14
168,13
169,15
170,14
171,12
172,12
173,12
174,14
175,14
176,12
177,12
178,11
179,13
180,14
181,14
182,12
183,14
184,15
185,14
186,14
187,16
188,13
189,15
190,15
191,15
192,12
193,12
194,12
195,10
196,12
197,11
198,9
199,9
200,8
201,11
202,11
203,10
204,9
205,9
206,9
207,10
208,10
209,10
210,12
211,9
212,10
213,10
214,10
215,13
216,14
217,17
218,7
219,5
220,4
221,4
222,4
223,5
224,9
225,7
226,7
227,8
228,7
229,9
230,6
231,7
232,7
233,8
234,8
235,6
236,11
237,12
238,10
239,9
240,11
241,11
242,11
243,11
244,11
245,11
246,11
247,12
248,10
249,11
250,10
251,9
252,11
253,11
254,11
255,9
256,9
257,10
258,10
259,10
260,10
261,11
262,10
263,10
264,10
265,11
266,11
267,11
268,11
269,11
270,11
271,10
272,10
273,10
274,10
275,9
276,9
277,10
278,9
279,10
280,11
281,10
282,11
283,11
284,11
285,11
286,11
287,10
288,9
289,10
290,10
291,10
292,10
293,12
294,6
295,8
296,8
297,8
298,9
299,9
300,10
